-- Sample data for Timetable Management

-- Insert sample periods for each level
INSERT INTO periods (level_id, day_of_week, period_index, start_time, end_time) VALUES
-- Tiểu học (level_id = 1)
(1, 2, 1, '07:30:00', '08:15:00'),  -- Thứ 2, Tiết 1
(1, 2, 2, '08:25:00', '09:10:00'),  -- Thứ 2, Tiết 2
(1, 2, 3, '09:20:00', '10:05:00'),  -- Thứ 2, Tiết 3
(1, 2, 4, '10:15:00', '11:00:00'),  -- Thứ 2, Tiết 4
(1, 2, 5, '11:10:00', '11:55:00'),  -- Thứ 2, Tiết 5

(1, 3, 1, '07:30:00', '08:15:00'),  -- Thứ 3, Tiết 1
(1, 3, 2, '08:25:00', '09:10:00'),  -- Thứ 3, Tiết 2
(1, 3, 3, '09:20:00', '10:05:00'),  -- Thứ 3, Tiết 3
(1, 3, 4, '10:15:00', '11:00:00'),  -- Thứ 3, Tiết 4
(1, 3, 5, '11:10:00', '11:55:00'),  -- Thứ 3, Tiết 5

(1, 4, 1, '07:30:00', '08:15:00'),  -- Thứ 4, Tiết 1
(1, 4, 2, '08:25:00', '09:10:00'),  -- Thứ 4, Tiết 2
(1, 4, 3, '09:20:00', '10:05:00'),  -- Thứ 4, Tiết 3
(1, 4, 4, '10:15:00', '11:00:00'),  -- Thứ 4, Tiết 4
(1, 4, 5, '11:10:00', '11:55:00'),  -- Thứ 4, Tiết 5

(1, 5, 1, '07:30:00', '08:15:00'),  -- Thứ 5, Tiết 1
(1, 5, 2, '08:25:00', '09:10:00'),  -- Thứ 5, Tiết 2
(1, 5, 3, '09:20:00', '10:05:00'),  -- Thứ 5, Tiết 3
(1, 5, 4, '10:15:00', '11:00:00'),  -- Thứ 5, Tiết 4
(1, 5, 5, '11:10:00', '11:55:00'),  -- Thứ 5, Tiết 5

(1, 6, 1, '07:30:00', '08:15:00'),  -- Thứ 6, Tiết 1
(1, 6, 2, '08:25:00', '09:10:00'),  -- Thứ 6, Tiết 2
(1, 6, 3, '09:20:00', '10:05:00'),  -- Thứ 6, Tiết 3
(1, 6, 4, '10:15:00', '11:00:00'),  -- Thứ 6, Tiết 4

-- THCS (level_id = 2) - 7 tiết/ngày cho tất cả ngày trong tuần
(2, 2, 1, '07:00:00', '07:45:00'), (2, 2, 2, '07:50:00', '08:35:00'), (2, 2, 3, '08:40:00', '09:25:00'), (2, 2, 4, '09:30:00', '10:15:00'), (2, 2, 5, '10:20:00', '11:05:00'), (2, 2, 6, '11:10:00', '11:55:00'), (2, 2, 7, '13:00:00', '13:45:00'),
(2, 3, 1, '07:00:00', '07:45:00'), (2, 3, 2, '07:50:00', '08:35:00'), (2, 3, 3, '08:40:00', '09:25:00'), (2, 3, 4, '09:30:00', '10:15:00'), (2, 3, 5, '10:20:00', '11:05:00'), (2, 3, 6, '11:10:00', '11:55:00'), (2, 3, 7, '13:00:00', '13:45:00'),
(2, 4, 1, '07:00:00', '07:45:00'), (2, 4, 2, '07:50:00', '08:35:00'), (2, 4, 3, '08:40:00', '09:25:00'), (2, 4, 4, '09:30:00', '10:15:00'), (2, 4, 5, '10:20:00', '11:05:00'), (2, 4, 6, '11:10:00', '11:55:00'), (2, 4, 7, '13:00:00', '13:45:00'),
(2, 5, 1, '07:00:00', '07:45:00'), (2, 5, 2, '07:50:00', '08:35:00'), (2, 5, 3, '08:40:00', '09:25:00'), (2, 5, 4, '09:30:00', '10:15:00'), (2, 5, 5, '10:20:00', '11:05:00'), (2, 5, 6, '11:10:00', '11:55:00'), (2, 5, 7, '13:00:00', '13:45:00'),
(2, 6, 1, '07:00:00', '07:45:00'), (2, 6, 2, '07:50:00', '08:35:00'), (2, 6, 3, '08:40:00', '09:25:00'), (2, 6, 4, '09:30:00', '10:15:00'), (2, 6, 5, '10:20:00', '11:05:00'), (2, 6, 6, '11:10:00', '11:55:00'), (2, 6, 7, '13:00:00', '13:45:00'),
(2, 7, 1, '07:00:00', '07:45:00'), (2, 7, 2, '07:50:00', '08:35:00'), (2, 7, 3, '08:40:00', '09:25:00'), (2, 7, 4, '09:30:00', '10:15:00'), (2, 7, 5, '10:20:00', '11:05:00'), (2, 7, 6, '11:10:00', '11:55:00'), (2, 7, 7, '13:00:00', '13:45:00'),

-- THPT (level_id = 3) - 9 tiết/ngày cho tất cả ngày trong tuần
(3, 2, 1, '07:00:00', '07:45:00'), (3, 2, 2, '07:50:00', '08:35:00'), (3, 2, 3, '08:40:00', '09:25:00'), (3, 2, 4, '09:30:00', '10:15:00'), (3, 2, 5, '10:20:00', '11:05:00'), (3, 2, 6, '11:10:00', '11:55:00'), (3, 2, 7, '13:00:00', '13:45:00'), (3, 2, 8, '13:50:00', '14:35:00'), (3, 2, 9, '14:40:00', '15:25:00'),
(3, 3, 1, '07:00:00', '07:45:00'), (3, 3, 2, '07:50:00', '08:35:00'), (3, 3, 3, '08:40:00', '09:25:00'), (3, 3, 4, '09:30:00', '10:15:00'), (3, 3, 5, '10:20:00', '11:05:00'), (3, 3, 6, '11:10:00', '11:55:00'), (3, 3, 7, '13:00:00', '13:45:00'), (3, 3, 8, '13:50:00', '14:35:00'), (3, 3, 9, '14:40:00', '15:25:00'),
(3, 4, 1, '07:00:00', '07:45:00'), (3, 4, 2, '07:50:00', '08:35:00'), (3, 4, 3, '08:40:00', '09:25:00'), (3, 4, 4, '09:30:00', '10:15:00'), (3, 4, 5, '10:20:00', '11:05:00'), (3, 4, 6, '11:10:00', '11:55:00'), (3, 4, 7, '13:00:00', '13:45:00'), (3, 4, 8, '13:50:00', '14:35:00'), (3, 4, 9, '14:40:00', '15:25:00'),
(3, 5, 1, '07:00:00', '07:45:00'), (3, 5, 2, '07:50:00', '08:35:00'), (3, 5, 3, '08:40:00', '09:25:00'), (3, 5, 4, '09:30:00', '10:15:00'), (3, 5, 5, '10:20:00', '11:05:00'), (3, 5, 6, '11:10:00', '11:55:00'), (3, 5, 7, '13:00:00', '13:45:00'), (3, 5, 8, '13:50:00', '14:35:00'), (3, 5, 9, '14:40:00', '15:25:00'),
(3, 6, 1, '07:00:00', '07:45:00'), (3, 6, 2, '07:50:00', '08:35:00'), (3, 6, 3, '08:40:00', '09:25:00'), (3, 6, 4, '09:30:00', '10:15:00'), (3, 6, 5, '10:20:00', '11:05:00'), (3, 6, 6, '11:10:00', '11:55:00'), (3, 6, 7, '13:00:00', '13:45:00'), (3, 6, 8, '13:50:00', '14:35:00'), (3, 6, 9, '14:40:00', '15:25:00'),
(3, 7, 1, '07:00:00', '07:45:00'), (3, 7, 2, '07:50:00', '08:35:00'), (3, 7, 3, '08:40:00', '09:25:00'), (3, 7, 4, '09:30:00', '10:15:00'), (3, 7, 5, '10:20:00', '11:05:00'), (3, 7, 6, '11:10:00', '11:55:00'), (3, 7, 7, '13:00:00', '13:45:00'), (3, 7, 8, '13:50:00', '14:35:00'), (3, 7, 9, '14:40:00', '15:25:00');

-- Insert sample subjects for each level
INSERT INTO subjects (level_id, code, name) VALUES
-- Tiểu học
(1, 'TOAN', 'Toán'),
(1, 'TV', 'Tiếng Việt'),
(1, 'TNXH', 'Tự nhiên và Xã hội'),
(1, 'AN', 'Âm nhạc'),
(1, 'MT', 'Mỹ thuật'),
(1, 'TD', 'Thể dục'),

-- THCS
(2, 'TOAN', 'Toán'),
(2, 'VAN', 'Ngữ văn'),
(2, 'ANH', 'Tiếng Anh'),
(2, 'LY', 'Vật lý'),
(2, 'HOA', 'Hóa học'),
(2, 'SINH', 'Sinh học'),
(2, 'SU', 'Lịch sử'),
(2, 'DIA', 'Địa lý'),
(2, 'GDCD', 'Giáo dục công dân'),
(2, 'CN', 'Công nghệ'),
(2, 'TD', 'Thể dục'),

-- THPT
(3, 'TOAN', 'Toán'),
(3, 'VAN', 'Ngữ văn'),
(3, 'ANH', 'Tiếng Anh'),
(3, 'LY', 'Vật lý'),
(3, 'HOA', 'Hóa học'),
(3, 'SINH', 'Sinh học'),
(3, 'SU', 'Lịch sử'),
(3, 'DIA', 'Địa lý'),
(3, 'GDCD', 'Giáo dục công dân'),
(3, 'TD', 'Thể dục'),
(3, 'QPAN', 'Quốc phòng - An ninh');

-- Insert sample grades
INSERT INTO grades (level_id, grade_number) VALUES
(1, 1), (1, 2), (1, 3), (1, 4), (1, 5),  -- Tiểu học: Lớp 1-5
(2, 6), (2, 7), (2, 8), (2, 9),          -- THCS: Lớp 6-9
(3, 10), (3, 11), (3, 12);                -- THPT: Lớp 10-12

-- Insert sample classes
INSERT INTO classes (grade_id, name, room_name) VALUES
-- Tiểu học
(1, '1A', 'P101'), (1, '1B', 'P102'), (1, '1C', 'P103'),
(2, '2A', 'P201'), (2, '2B', 'P202'), (2, '2C', 'P203'),
(3, '3A', 'P301'), (3, '3B', 'P302'), (3, '3C', 'P303'),
(4, '4A', 'P401'), (4, '4B', 'P402'), (4, '4C', 'P403'),
(5, '5A', 'P501'), (5, '5B', 'P502'), (5, '5C', 'P503'),

-- THCS
(6, '6A', 'P601'), (6, '6B', 'P602'), (6, '6C', 'P603'),
(7, '7A', 'P701'), (7, '7B', 'P702'), (7, '7C', 'P703'),
(8, '8A', 'P801'), (8, '8B', 'P802'), (8, '8C', 'P803'),
(9, '9A', 'P901'), (9, '9B', 'P902'), (9, '9C', 'P903'),

-- THPT
(10, '10A', 'P1001'), (10, '10B', 'P1002'), (10, '10C', 'P1003'),
(11, '11A', 'P1101'), (11, '11B', 'P1102'), (11, '11C', 'P1103'),
(12, '12A', 'P1201'), (12, '12B', 'P1202'), (12, '12C', 'P1203');

-- Insert sample school years
INSERT INTO school_years (level_id, name, start_date, end_date) VALUES
(1, '2025-2026', '2025-09-01', '2026-04-24'),
(2, '2025-2026', '2025-09-01', '2026-04-24'),
(3, '2025-2026', '2025-09-01', '2026-04-24');

-- Insert sample terms
INSERT INTO terms (school_year_id, name, term_order, start_date, end_date) VALUES
(1, 'Học kỳ 1', 1, '2025-09-01', '2025-12-31'),
(1, 'Học kỳ 2', 2, '2026-01-01', '2026-04-24'),
(2, 'Học kỳ 1', 1, '2025-09-01', '2025-12-31'),
(2, 'Học kỳ 2', 2, '2026-01-01', '2026-04-24'),
(3, 'Học kỳ 1', 1, '2025-09-01', '2025-12-31'),
(3, 'Học kỳ 2', 2, '2026-01-01', '2026-04-24');

-- Insert sample teacher-subject assignments
INSERT INTO teacher_subjects (teacher_user_id, subject_id) VALUES
-- Teachers for Tiểu học (IDs 11-20)
(11, 1), (11, 2),  -- Teacher 11: Toán, Tiếng Việt
(12, 1), (12, 3),  -- Teacher 12: Toán, TNXH
(13, 2), (13, 4),  -- Teacher 13: Tiếng Việt, Âm nhạc
(14, 5), (14, 6),  -- Teacher 14: Mỹ thuật, Thể dục

-- Teachers for THCS (IDs 11-20)
(15, 7), (15, 8),  -- Teacher 15: Toán THCS, Văn THCS
(16, 9), (16, 10), -- Teacher 16: Anh THCS, Lý THCS
(17, 11), (17, 12),-- Teacher 17: Hóa THCS, Sinh THCS
(18, 13), (18, 14),-- Teacher 18: Sử THCS, Địa THCS

-- Teachers for THPT (IDs 11-20)
(19, 15), (19, 16),-- Teacher 19: Toán THPT, Văn THPT
(20, 17), (20, 18);-- Teacher 20: Anh THPT, Lý THPT
